{
  "0": {
    "precision": 1.0,
    "recall": 0.9613970588235294,
    "f1-score": 0.9803186504217432,
    "support": 544.0
  },
  "1": {
    "precision": 0.9651741293532339,
    "recall": 1.0,
    "f1-score": 0.9822784810126582,
    "support": 582.0
  },
  "accuracy": 0.9813499111900533,
  "macro avg": {
    "precision": 0.9825870646766169,
    "recall": 0.9806985294117647,
    "f1-score": 0.9812985657172006,
    "support": 1126.0
  },
  "weighted avg": {
    "precision": 0.9819994167704993,
    "recall": 0.9813499111900533,
    "f1-score": 0.9813316356827667,
    "support": 1126.0
  }
}