{
  "0": {
    "precision": 1.0,
    "recall": 0.9577205882352942,
    "f1-score": 0.9784037558685446,
    "support": 544.0
  },
  "1": {
    "precision": 0.9619834710743802,
    "recall": 1.0,
    "f1-score": 0.9806234203875316,
    "support": 582.0
  },
  "accuracy": 0.9795737122557726,
  "macro avg": {
    "precision": 0.9809917355371901,
    "recall": 0.9788602941176471,
    "f1-score": 0.9795135881280381,
    "support": 1126.0
  },
  "weighted avg": {
    "precision": 0.980350248814644,
    "recall": 0.9795737122557726,
    "f1-score": 0.9795510425026924,
    "support": 1126.0
  }
}